Delegating Wallet Key from Mina,Wallet BP should send rewards to
B62qjWrka3sHmyX9E3LLk7DYwTkD3xpVxJVWeC1jWesvUCw98jzwLEb,B62qjWrka3sHmyX9E3LLk7DYwTkD3xpVxJVWeC1jWesvUCw98jzwLEb
B62qr11GnajdtFtYHLB25VfR2HisWw9gQTtswLT9UDuBDupwxnP8Qtm,B62qr11GnajdtFtYHLB25VfR2HisWw9gQTtswLT9UDuBDupwxnP8Qtm
B62qog6J6WmV7EG35JYwCoMjXGQKfMzDf882feobdM4XSTvd4TM7o4x,B62qog6J6WmV7EG35JYwCoMjXGQKfMzDf882feobdM4XSTvd4TM7o4x
B62qmQAFPta1Q3c7wXHxXRKnE3uWyBYZCLb8frdHEgavi3BbBVkpeC1,B62qmQAFPta1Q3c7wXHxXRKnE3uWyBYZCLb8frdHEgavi3BbBVkpeC1
B62qkLCr6WNbmpwmV3zLUM99J46WGpEJLcBbQEbQen2oXV9MKU8f9mL,B62qkLCr6WNbmpwmV3zLUM99J46WGpEJLcBbQEbQen2oXV9MKU8f9mL
B62qo41tpoLx87ag5BcocFD8QV5jQB18qw8jnNqKGz9KDXna7PT3DLi,B62qo41tpoLx87ag5BcocFD8QV5jQB18qw8jnNqKGz9KDXna7PT3DLi
B62qjFozcCaaeMNaAWrRT21JUsSaq47PYW8DZdySviwath3Mg8nyfCw,B62qjFozcCaaeMNaAWrRT21JUsSaq47PYW8DZdySviwath3Mg8nyfCw
B62qk8QpsgrR4d5NM9gxiiN2oiZSNznfeDbr1V5pFWa82nZy6iwKhfw,B62qk8QpsgrR4d5NM9gxiiN2oiZSNznfeDbr1V5pFWa82nZy6iwKhfw
B62qnJ58vM1du7EkL83EPtjN8wt1MXKC93Sbe6icpRhfLVgDg6xnVgA,B62qnJ58vM1du7EkL83EPtjN8wt1MXKC93Sbe6icpRhfLVgDg6xnVgA
B62qoERQaxigi8r2cjyUuQXicjcPbGZfjRkeUn5sedzYisjTBNtEddh,B62qoERQaxigi8r2cjyUuQXicjcPbGZfjRkeUn5sedzYisjTBNtEddh
B62qpBVRzjqFcbzMk3JAFdjruMAoqdHyHiE9XNyshZ5NjGo2gY7CxZz,B62qpBVRzjqFcbzMk3JAFdjruMAoqdHyHiE9XNyshZ5NjGo2gY7CxZz
B62qrr1TdC3LeN5F1Bgjxb1v4Pdxt6btzKL7sGTyLGNcydmagjsYsQi,B62qrr1TdC3LeN5F1Bgjxb1v4Pdxt6btzKL7sGTyLGNcydmagjsYsQi
B62qmanR1vreSJgKYZcHSiNrov8jvXShfcjioaBLpCGbr7vrt3DxZq9,B62qmanR1vreSJgKYZcHSiNrov8jvXShfcjioaBLpCGbr7vrt3DxZq9
B62qjCoLPn8iXHXq9ukNMhAfqn39o1MZKsAx3VrWFdu1pEbZZezJhJe,B62qjCoLPn8iXHXq9ukNMhAfqn39o1MZKsAx3VrWFdu1pEbZZezJhJe
B62qkZvsPhMjgYTiXLLGXWaFUCFGAexpR3v2z5ymXKEuZGVhub5ebNk,B62qkZvsPhMjgYTiXLLGXWaFUCFGAexpR3v2z5ymXKEuZGVhub5ebNk
B62qodbQJ5bnuY7j71eaYiiiq3XqYDgsBDJxkAhtzqBNpxAgskKdTc4,B62qodbQJ5bnuY7j71eaYiiiq3XqYDgsBDJxkAhtzqBNpxAgskKdTc4
B62qm4UyivsseKABrgJxS4AnoK4SX8b69o4DWrR9cJ8HRYGrNq65iEG,B62qm4UyivsseKABrgJxS4AnoK4SX8b69o4DWrR9cJ8HRYGrNq65iEG
B62qpcJd5eVzs6z4hs47nMQipXJdz3nEaEqbLStc8obzecfNPv5vAnV,B62qpcJd5eVzs6z4hs47nMQipXJdz3nEaEqbLStc8obzecfNPv5vAnV
B62qo8FPFHTQ2J5eaCK74yfsMRBFT5bnr2iPomWLv61iGpaufBop6Si,B62qo8FPFHTQ2J5eaCK74yfsMRBFT5bnr2iPomWLv61iGpaufBop6Si
B62qpGX4AkMb93fusVyC7CDNju7FUP1fFVbspw8o4sN8xbmsiKxgy7f,B62qpGX4AkMb93fusVyC7CDNju7FUP1fFVbspw8o4sN8xbmsiKxgy7f
B62qqLBQFF3oRGthJGnbZB9PEF8pvoxGcfBNUVtgXtH88VZE9KBoGKb,B62qqLBQFF3oRGthJGnbZB9PEF8pvoxGcfBNUVtgXtH88VZE9KBoGKb
B62qnQ9R4djFcZtgUnEASzipJj4Liwdpt5WjM8qnQvWH9QZZMwPHRJc,B62qnQ9R4djFcZtgUnEASzipJj4Liwdpt5WjM8qnQvWH9QZZMwPHRJc
B62qjyUJF51Rh87LkCzFUrWFBC2oSqL55dw1bHMkPov6oGpqiZxd2Xc,B62qjyUJF51Rh87LkCzFUrWFBC2oSqL55dw1bHMkPov6oGpqiZxd2Xc
B62qq6YfopW3J9zaw9VEjQP8tehZVzewtH8LDrPST9FtLWnnWhnoKJ6,B62qq6YfopW3J9zaw9VEjQP8tehZVzewtH8LDrPST9FtLWnnWhnoKJ6
B62qojvcsxDKjfx2UKTfrsrQ4XYt3x9gpUfijNtTyNHjMyKigubEL1Y,B62qojvcsxDKjfx2UKTfrsrQ4XYt3x9gpUfijNtTyNHjMyKigubEL1Y
B62qnem3qr442rQCJ1cmj8kLqk48Hpi1PEJwPXrMUNyiSymQQxSJspn,B62qnem3qr442rQCJ1cmj8kLqk48Hpi1PEJwPXrMUNyiSymQQxSJspn
B62qo8yt9f1eQAv1kNUocT7jWKcHBTEcMxkSCmK5FSn9eKUfy6mZpQc,B62qo8yt9f1eQAv1kNUocT7jWKcHBTEcMxkSCmK5FSn9eKUfy6mZpQc
B62qmXBgmuA4Zo81V5Xmhmr5opdAbbddfyVxsdvJuQutceSHNQe2Scb,B62qmXBgmuA4Zo81V5Xmhmr5opdAbbddfyVxsdvJuQutceSHNQe2Scb
B62qjYCD9rCC9mqfqdAi929GRuZBmNfba2VomgfRVtZQzPa14YguZd4,B62qjYCD9rCC9mqfqdAi929GRuZBmNfba2VomgfRVtZQzPa14YguZd4
B62qmSLcBAgGJYa14CUyGdoZywpKuztSKWRJsnKFSxg3oeLAYaotLFv,B62qmSLcBAgGJYa14CUyGdoZywpKuztSKWRJsnKFSxg3oeLAYaotLFv
B62qmmvXhqFc4KpY8o78Nx1N2gusT9zC7D4pairouAZHyJmutVqApJ6,B62qmmvXhqFc4KpY8o78Nx1N2gusT9zC7D4pairouAZHyJmutVqApJ6
B62qiWWh6F34fwbZiv5uGKg15vr4C3cxKDBxR4xypdgQErk4t6DBn9k,B62qiWWh6F34fwbZiv5uGKg15vr4C3cxKDBxR4xypdgQErk4t6DBn9k
B62qqMhtDSFToxQLzPjZ27PVtSCZR9rgUrjUDcjytWSsDZtPFiQMrnK,B62qqMhtDSFToxQLzPjZ27PVtSCZR9rgUrjUDcjytWSsDZtPFiQMrnK
B62qqUrqjmVerAGWSk1TByCBQxzH8u9PRnKnMu2YH7YbhyS9CzMnYRq,B62qqUrqjmVerAGWSk1TByCBQxzH8u9PRnKnMu2YH7YbhyS9CzMnYRq
B62qmiBiazpFUcs4t2ccJ2vEzh6i4drnyLQfNV3dEfgZfKYYjAbu8tC,B62qmiBiazpFUcs4t2ccJ2vEzh6i4drnyLQfNV3dEfgZfKYYjAbu8tC
B62qjYKFSc4DJ1g1PGuyooe8BGXfQEiTUb4oLH1jhntZtQpz9aV7WY3,B62qjYKFSc4DJ1g1PGuyooe8BGXfQEiTUb4oLH1jhntZtQpz9aV7WY3
B62qp8no6FregychSQusyD56DkRrqvg9bhBF3R3BQckQzQoUY9piJ74,B62qp8no6FregychSQusyD56DkRrqvg9bhBF3R3BQckQzQoUY9piJ74
B62qnWqVhYZaSn9xHkpih2rkbZ45MV5Q3CktwGA9EVbZtrGGjSr83oj,B62qnWqVhYZaSn9xHkpih2rkbZ45MV5Q3CktwGA9EVbZtrGGjSr83oj
B62qkeKupTi7525nWMQfWgJ7EhrxhyFdnhANKrjSo6LRCZJ28yHw1yv,B62qkeKupTi7525nWMQfWgJ7EhrxhyFdnhANKrjSo6LRCZJ28yHw1yv
B62qnNmzW5uoLMPEVhwfL5xW1jCALVRfP6CEm4wPbyuu5xxJEoxBbue,B62qnNmzW5uoLMPEVhwfL5xW1jCALVRfP6CEm4wPbyuu5xxJEoxBbue
B62qkDGi9CVj8Gu7wA3Tm6R1eUa8ZxZSUeFoQUmAjqE1diaXYcN769S,B62qkDGi9CVj8Gu7wA3Tm6R1eUa8ZxZSUeFoQUmAjqE1diaXYcN769S
B62qmij2xZg5ZLmMUy3Be1Av54misfGR16ywRJAsPhMvdUWpzhKfxD8,B62qmij2xZg5ZLmMUy3Be1Av54misfGR16ywRJAsPhMvdUWpzhKfxD8
B62qrYfgf3JNvWRCrWWH7T64ForhkYTSRbu5QM51EFxD1Q6wF1wzFNU,B62qrYfgf3JNvWRCrWWH7T64ForhkYTSRbu5QM51EFxD1Q6wF1wzFNU
B62qpKeaQG8uJxYGdMWkhfff75YrFwoxPwSzhxrWxUf7STrpQMMVrYB,B62qpKeaQG8uJxYGdMWkhfff75YrFwoxPwSzhxrWxUf7STrpQMMVrYB
B62qnBRYDxf1EG23jnJx1QAMvARTZgdJzYoAE5LoEUJbLiPsUzYfA98,B62qnBRYDxf1EG23jnJx1QAMvARTZgdJzYoAE5LoEUJbLiPsUzYfA98
B62qqkKscGbufYJ5qpk3GLWenaJCgK5TgiaRwozsH5BmdqXGbttGYSP,B62qqkKscGbufYJ5qpk3GLWenaJCgK5TgiaRwozsH5BmdqXGbttGYSP
B62qrgWoTX6rBSPFyo8ffBuQzkkVN1yWi4LD4a1u2EH3bXJY1bTd3Vy,B62qrgWoTX6rBSPFyo8ffBuQzkkVN1yWi4LD4a1u2EH3bXJY1bTd3Vy
B62qoHY9jb2WaBK1t4HgboN7vCq71X1aBGfdaiQdryuyDSfsgCDtd5A,B62qoHY9jb2WaBK1t4HgboN7vCq71X1aBGfdaiQdryuyDSfsgCDtd5A
B62qrxjaEqDqq1VQXc9xPXU4DiJM4nBMYesWs7whmNyFrPr6Qo4GRzu,B62qrxjaEqDqq1VQXc9xPXU4DiJM4nBMYesWs7whmNyFrPr6Qo4GRzu
B62qmFMzdoZMdhvU8Rgvnk6cLieaAMYQbjNumWj9cCMuNVLmDXKta5d,B62qmFMzdoZMdhvU8Rgvnk6cLieaAMYQbjNumWj9cCMuNVLmDXKta5d
B62qkCuaxdGJGKjPvYa6TEFqmBGc7p1CmLwAsYJuVA7iu3VTVZQDR4b,B62qkCuaxdGJGKjPvYa6TEFqmBGc7p1CmLwAsYJuVA7iu3VTVZQDR4b
B62qkQJjJt3PL89vVXoHir7cCFPgpdJ1JCmhqHrfwjY7zpGYhtC2xHH,B62qkQJjJt3PL89vVXoHir7cCFPgpdJ1JCmhqHrfwjY7zpGYhtC2xHH
B62qmnPjiwSKnff1qMUuYcuixn12j251x5fKKaxPtWDajf8KgaQX6yU,B62qmnPjiwSKnff1qMUuYcuixn12j251x5fKKaxPtWDajf8KgaQX6yU
B62qs1inqycyihVap9Ti1T4WrmqoZ2aqZ49z4peRYM1cC8Gk3brdHk7,B62qs1inqycyihVap9Ti1T4WrmqoZ2aqZ49z4peRYM1cC8Gk3brdHk7
B62qpJZYLwCjH5Hafi9YiCGGgVhuoq9j6A47MxJG3qzH3nzS3pZZcnn,B62qpJZYLwCjH5Hafi9YiCGGgVhuoq9j6A47MxJG3qzH3nzS3pZZcnn
B62qnKSBegBU5wkkYQfKEKPenEsEttY4EVSuizJNrZdsdrkk6xSmb3E,B62qnKSBegBU5wkkYQfKEKPenEsEttY4EVSuizJNrZdsdrkk6xSmb3E
B62qoTdpaj649XnqLxGq8oY6j3pBQdujD7ftQpq58AqypTMcaZePfUL,B62qoTdpaj649XnqLxGq8oY6j3pBQdujD7ftQpq58AqypTMcaZePfUL
B62qrxrrtdZGk1icXvsEes5DBxHuaoifF2MmutXzFPLjsuSPouUbcEu,B62qrxrrtdZGk1icXvsEes5DBxHuaoifF2MmutXzFPLjsuSPouUbcEu
B62qjyY3c1FNPLUir8MBoECUNAP3CiDFE52uc4LP8B5miWe441e1VPo,B62qjyY3c1FNPLUir8MBoECUNAP3CiDFE52uc4LP8B5miWe441e1VPo
B62qqJXC6J5UXVNW321LiGtwFR2WTGULFwZzrDo874BYi7QGdrkpqFY,B62qqJXC6J5UXVNW321LiGtwFR2WTGULFwZzrDo874BYi7QGdrkpqFY
B62qmQQ84vg6V7NwizyZzsWk4z6P6GdXrpvN44h19TRL9dsa9xZ542H,B62qmQQ84vg6V7NwizyZzsWk4z6P6GdXrpvN44h19TRL9dsa9xZ542H
B62qmPfMY7HNmuvGnQQ5kF1UoPy2ipNXAF4MtmZvLipAynggd6EWWBC,B62qmPfMY7HNmuvGnQQ5kF1UoPy2ipNXAF4MtmZvLipAynggd6EWWBC
B62qpqgV3MoZEtfPiceJ7tH9ngz9o7a3EtkdFr2a9KnRkQGaxEuW4iU,B62qpqgV3MoZEtfPiceJ7tH9ngz9o7a3EtkdFr2a9KnRkQGaxEuW4iU
B62qnysDggsacPKduRXXMzCgbU6ggCSGUywBhhrGX1c8W4nr5oSX1Jr,B62qnysDggsacPKduRXXMzCgbU6ggCSGUywBhhrGX1c8W4nr5oSX1Jr
B62qpYG5JSiR88NHKPbceqDDs8MTnhmvzoDWbqbJUWEXGnuVjooaUPL,B62qpYG5JSiR88NHKPbceqDDs8MTnhmvzoDWbqbJUWEXGnuVjooaUPL
B62qrMCR9BPCLY2ZWMXH7ueNJM6ZCa7X5cW2NboAfpXqaiDadbSEoim,B62qrMCR9BPCLY2ZWMXH7ueNJM6ZCa7X5cW2NboAfpXqaiDadbSEoim
B62qn3jFiBMx57Tqw1EbfHPtVqaEntjZR1uihQ4jH7iQLBFS3hSPKC5,B62qn3jFiBMx57Tqw1EbfHPtVqaEntjZR1uihQ4jH7iQLBFS3hSPKC5
B62qnzTCuHo79TU9chKbcGLudHS3fU3NhLReJG34MhUVrFN6nA7Pjik,B62qnzTCuHo79TU9chKbcGLudHS3fU3NhLReJG34MhUVrFN6nA7Pjik
B62qrNpfSTjKyBiq9LEU8wNSHPu2YNPiv7sgS2yYhACKjeXWUmLvAJ2,B62qrNpfSTjKyBiq9LEU8wNSHPu2YNPiv7sgS2yYhACKjeXWUmLvAJ2
B62qnFpSPGZveVRzoABYjsW6dwAXjcGeAnA6CsBjAsG86ZthTGwy7TF,B62qnFpSPGZveVRzoABYjsW6dwAXjcGeAnA6CsBjAsG86ZthTGwy7TF
B62qitq9vwHhBXHwU8Hu9VqPGniVUs7C74RbYz8v8EtDTnBkcLC5t83,B62qitq9vwHhBXHwU8Hu9VqPGniVUs7C74RbYz8v8EtDTnBkcLC5t83
B62qq4x5H4WyTJHywAZ3DzPCeUcSz1Gh7TqMP4ydANeETB68Mrf9X8i,B62qq4x5H4WyTJHywAZ3DzPCeUcSz1Gh7TqMP4ydANeETB68Mrf9X8i
B62qifDaXL1vTRa88w3w1ZcUUtK8QT5nUF5CEAKNFrftEQMu6afkoDM,B62qifDaXL1vTRa88w3w1ZcUUtK8QT5nUF5CEAKNFrftEQMu6afkoDM
B62qrTGV9jGcZsxDbahBPPheUd5MpV97yzAn1QrYyEAtzgfbURC3dMa,B62qrTGV9jGcZsxDbahBPPheUd5MpV97yzAn1QrYyEAtzgfbURC3dMa
B62qmh665K7crtbKv7JfNQgJcBKh2bZN5vw3mz3ds6vVo76M2K7byvy,B62qmh665K7crtbKv7JfNQgJcBKh2bZN5vw3mz3ds6vVo76M2K7byvy
B62qjUVRD9YVQ8Mt5fmtjCt4aUzeZLDMSop8yg6Scg5unqDXiyM2SMs,B62qjUVRD9YVQ8Mt5fmtjCt4aUzeZLDMSop8yg6Scg5unqDXiyM2SMs
B62qoTaYnDYrtmver4jnkgJbFU6iohjtALTU4ebf4yCKrxFFHd9Dimh,B62qoTaYnDYrtmver4jnkgJbFU6iohjtALTU4ebf4yCKrxFFHd9Dimh
B62qoreEwCN4QMSJBcrEgDLzmygNKgMkshRxKGMZfswK9oNpoZC97ZS,B62qoreEwCN4QMSJBcrEgDLzmygNKgMkshRxKGMZfswK9oNpoZC97ZS
B62qjRNvNj7EJCWSRfhKNosEYnjTCZVbMdiyymV2QxiYpr8QQehgYB6,B62qjRNvNj7EJCWSRfhKNosEYnjTCZVbMdiyymV2QxiYpr8QQehgYB6
B62qnsoomKzFNvmJcWAq59TLtidzYwD2hcUCrrFhBNWys2npQTXpGmu,B62qnsoomKzFNvmJcWAq59TLtidzYwD2hcUCrrFhBNWys2npQTXpGmu
B62qrh8V1qvJhQx9D6g3JDgVg1FYR8B45V7EFFim7aLPLss3kD2aAXR,B62qrh8V1qvJhQx9D6g3JDgVg1FYR8B45V7EFFim7aLPLss3kD2aAXR
B62qogpwsY84waaousZTWkonka6EoajHey2S3cfi9qzSbynbmGiqaUN,B62qogpwsY84waaousZTWkonka6EoajHey2S3cfi9qzSbynbmGiqaUN
B62qiaQboSdk5JkHTNcPWUjDwVZZK96u5tGac6aLA9yCqVm8tZLsZZm,B62qiaQboSdk5JkHTNcPWUjDwVZZK96u5tGac6aLA9yCqVm8tZLsZZm
B62qquq5R18f5sQ1LPF1MGqwwxy1jRCeMEUsMuvjgJ4dAajdQgjcye5,B62qquq5R18f5sQ1LPF1MGqwwxy1jRCeMEUsMuvjgJ4dAajdQgjcye5
B62qrzN4SfQpxV12YcSW4Crb6PY21y4sgpq7e3v2qh7x5UEd47RpNze,B62qrzN4SfQpxV12YcSW4Crb6PY21y4sgpq7e3v2qh7x5UEd47RpNze
B62qnto268cEnV1cdZh2bRS3bMwiAT3tRxsPrfiYruHaxXERAR3Ec8b,B62qnto268cEnV1cdZh2bRS3bMwiAT3tRxsPrfiYruHaxXERAR3Ec8b
B62qku85TZbbwZhuYr3xMsUJ7KndwA1wHcCDVvawK24uUtBjQDa9pye,B62qku85TZbbwZhuYr3xMsUJ7KndwA1wHcCDVvawK24uUtBjQDa9pye
B62qm6aynoQs9WmAbkoKvSn3eMDo1PAZi4jfB2MnbUWTHsq9TVKYZVJ,B62qm6aynoQs9WmAbkoKvSn3eMDo1PAZi4jfB2MnbUWTHsq9TVKYZVJ
B62qri8EQAMZbZiwaYXtuh3fs14MRPJ7x3ePQh25SmR7ggKRtnfJ2e2,B62qri8EQAMZbZiwaYXtuh3fs14MRPJ7x3ePQh25SmR7ggKRtnfJ2e2
B62qmq4EksfssuNcoAvFhebPiBry1uUR1bwLEiN84EByVPAcVh2Lvib,B62qmq4EksfssuNcoAvFhebPiBry1uUR1bwLEiN84EByVPAcVh2Lvib
B62qrFQnjeR8FesCFUJgNmJkfe6uzYMGSverRyDVjfQxDPgkr8mzjSq,B62qrFQnjeR8FesCFUJgNmJkfe6uzYMGSverRyDVjfQxDPgkr8mzjSq
B62qjtHX7MLXn7cNM3cF7Eb4b7cgwrk6STeUjCtPktusxFQ75T3BMPn,B62qjtHX7MLXn7cNM3cF7Eb4b7cgwrk6STeUjCtPktusxFQ75T3BMPn
B62qjaKD4AAxb8UUQypqysaFx3cYhp5bSjzgkQobyjca3sRJKho3VA4,B62qjaKD4AAxb8UUQypqysaFx3cYhp5bSjzgkQobyjca3sRJKho3VA4
B62qpDH4cXswwo4YYmdS9apCeRQUXtAEXuCS95ddMCFhNbzxvzZ6Nfx,B62qpDH4cXswwo4YYmdS9apCeRQUXtAEXuCS95ddMCFhNbzxvzZ6Nfx
B62qpJ4Q5J4LoBXgQBfq6gbXTyevFPhwMNYZEBdTSixmFq4UrdNadSN,B62qpJ4Q5J4LoBXgQBfq6gbXTyevFPhwMNYZEBdTSixmFq4UrdNadSN
B62qnNyeNzkyccsgwogTg9jgqBYfE6KnjTWi9QxsVkQ2NKgW2i5fDj9,B62qnNyeNzkyccsgwogTg9jgqBYfE6KnjTWi9QxsVkQ2NKgW2i5fDj9
B62qnsA7W5yWUr8r27DwmBoyHqYE5FMpm5NxhotqppmbL5wxcBDZZVT,B62qnsA7W5yWUr8r27DwmBoyHqYE5FMpm5NxhotqppmbL5wxcBDZZVT
B62qn9zWo5HcC2RRRi5P8278Hq5RoKgQWqFvXRYxsbVQeDCsAJP7aop,B62qn9zWo5HcC2RRRi5P8278Hq5RoKgQWqFvXRYxsbVQeDCsAJP7aop
B62qqsZBMoFs1AmiLxekCDUta2GPHPyZenug2DM4jrVrrZqUHi5PEsY,B62qmyesxfYnG3SY9KET8jmEzK5PTWRZQhTpcfcywkeUJbzWXqqXEbE
B62qqhHF6ZZQEQ2dNyjSSMy1uSqy8JjVnoRmN4k2q9VPfAEviRpvype,B62qmyesxfYnG3SY9KET8jmEzK5PTWRZQhTpcfcywkeUJbzWXqqXEbE
B62qqSy5saxH3Ago7obP4XT2M9fYkRLMfthRhgCw59jr7EvHitk4VpK,B62qmyesxfYnG3SY9KET8jmEzK5PTWRZQhTpcfcywkeUJbzWXqqXEbE
B62qkVtsvZk4sMHJETFDeqzukb9vEbswirZFY4afdKYMqcAEw1bkGej,B62qmyesxfYnG3SY9KET8jmEzK5PTWRZQhTpcfcywkeUJbzWXqqXEbE
B62qmBXLrMyUZ7HSTcnSpUG2DFcVTGtVFNR5sSkMzshTjJyk9nrJRTD,B62qmyesxfYnG3SY9KET8jmEzK5PTWRZQhTpcfcywkeUJbzWXqqXEbE
B62qiscckHMmaedeqpSokpjidB4WQW74tmWAzXWG8rW3DgTfEfXJazj,B62qmyesxfYnG3SY9KET8jmEzK5PTWRZQhTpcfcywkeUJbzWXqqXEbE
B62qmsgdnJagaswVUo1KhnQNGVF1y2wS33RcR4kS85FkAsJ8xTdNuit,B62qmyesxfYnG3SY9KET8jmEzK5PTWRZQhTpcfcywkeUJbzWXqqXEbE
B62qpGm7Ubs2exzhPZuHFCmsCRrhBKigUUoY3p4gSBq2koqfYRFNbjX,B62qmyesxfYnG3SY9KET8jmEzK5PTWRZQhTpcfcywkeUJbzWXqqXEbE
B62qmm7feizW8hGKBBzvh5gpdDbqhMac3zLh1hVcTaj3BbYC18Eivi4,B62qmyesxfYnG3SY9KET8jmEzK5PTWRZQhTpcfcywkeUJbzWXqqXEbE
B62qkwYTYFzemJK9ozx2K2fy4YsvFx4w29PTBdwP3khDfax8tUP8rJo,B62qmyesxfYnG3SY9KET8jmEzK5PTWRZQhTpcfcywkeUJbzWXqqXEbE
B62qm4egneDvLXYCwzJRLBQoseGZezZ4LUtJUT256phFLm9TQWGmFYb,B62qmyesxfYnG3SY9KET8jmEzK5PTWRZQhTpcfcywkeUJbzWXqqXEbE
B62qo6bK6jBAa6QR4EYYtH6MWeGRfWUWEWXPjbYsci15ecXTafkSw6G,B62qmyesxfYnG3SY9KET8jmEzK5PTWRZQhTpcfcywkeUJbzWXqqXEbE
B62qqrMW5HUkhKDPuNLToVyxcc49VEPRMaRFzSbWZysAsyPw8nFAu4T,B62qmyesxfYnG3SY9KET8jmEzK5PTWRZQhTpcfcywkeUJbzWXqqXEbE
B62qkTViAbMfWGRFJyvtWT5dBrfBUReHTHsA8PWT1dBLB4ctPHRf7nw,B62qmyesxfYnG3SY9KET8jmEzK5PTWRZQhTpcfcywkeUJbzWXqqXEbE
B62qqsvgiixjji3CX7whzuBKVupvwgBS4Dao6wDwkmWPi79TNcwZ1tB,B62qmyesxfYnG3SY9KET8jmEzK5PTWRZQhTpcfcywkeUJbzWXqqXEbE
B62qmtxhr1gQ5PUvKnNRVfhuuVs2Wjn4xPBoXMWujaYi5D77gShXH6Y,B62qmyesxfYnG3SY9KET8jmEzK5PTWRZQhTpcfcywkeUJbzWXqqXEbE
B62qm4TntJySX6ktHD1SsYumBdvSTp8pLdjMwTVjBrmA3ipkWejBdbe,B62qmyesxfYnG3SY9KET8jmEzK5PTWRZQhTpcfcywkeUJbzWXqqXEbE
B62qo1mUFu2xFntFTqPhiff3TEVyhu9ukTKvp81vqzvBUDs76DYTGuo,B62qmyesxfYnG3SY9KET8jmEzK5PTWRZQhTpcfcywkeUJbzWXqqXEbE
B62qnfJ6Yqn8FKmFK5YfiskzD1axjxSJwP2jRtNrDUiH9tN59xz2KgH,B62qmyesxfYnG3SY9KET8jmEzK5PTWRZQhTpcfcywkeUJbzWXqqXEbE
B62qjVi5acmgHpTe2h7Kqw69xRXtc8KvJANmAnx2tEVUz7pSpfrLFXr,B62qmyesxfYnG3SY9KET8jmEzK5PTWRZQhTpcfcywkeUJbzWXqqXEbE
B62qq5MpA1CzLTwC45zADGS7rRGZoQ3kmnf1nrYQzcnETfoJvU5vamo,B62qmyesxfYnG3SY9KET8jmEzK5PTWRZQhTpcfcywkeUJbzWXqqXEbE
B62qpJtPWEqXnDcXLugqf3C1m4ftWf2DaXLK8J35Ka7HoZSCxKBDWbP,B62qmyesxfYnG3SY9KET8jmEzK5PTWRZQhTpcfcywkeUJbzWXqqXEbE
B62qjbRyvwkiMNwAvamp9wfFoUyhwGsQZ2Np2j1i68HdbYLqviS7hfw,B62qmyesxfYnG3SY9KET8jmEzK5PTWRZQhTpcfcywkeUJbzWXqqXEbE
B62qjAbb8hxvgGfpJLULvEA3A5yPXmZu8h7VkEMX8wAwpGWEcAEQLvz,B62qmyesxfYnG3SY9KET8jmEzK5PTWRZQhTpcfcywkeUJbzWXqqXEbE
B62qjeQmtThR9HKw3z5oq58RHfCtdvyJb9chiA2R4NReipEu4nrbPHw,B62qmyesxfYnG3SY9KET8jmEzK5PTWRZQhTpcfcywkeUJbzWXqqXEbE
B62qn71s63yywMUCcFhP4iCata7HpgyrvmGjpKa1D9544vGW6FBZ6a1,B62qmyesxfYnG3SY9KET8jmEzK5PTWRZQhTpcfcywkeUJbzWXqqXEbE
B62qoRkPZeEekdcQWRYCrCTwcYicVyYRCiU22gggFYUTatWBNHt1Jk7,B62qmyesxfYnG3SY9KET8jmEzK5PTWRZQhTpcfcywkeUJbzWXqqXEbE
B62qkaYsXdwZ14UoLMtrXAp2Up59uUFZyY4KpD7YbvXaMo3ByceyxD4,B62qmyesxfYnG3SY9KET8jmEzK5PTWRZQhTpcfcywkeUJbzWXqqXEbE
B62qid58wzxcQARBwdYmAYc3dVLFirx5SRGLdHUqMkQb6hVsRpUzgiu,B62qmyesxfYnG3SY9KET8jmEzK5PTWRZQhTpcfcywkeUJbzWXqqXEbE
B62qoGbqv395zDfi5Q9yPTxLgvfcLtFwJdmJ7nJ3tLKU2M7CjRY8kCa,B62qmyesxfYnG3SY9KET8jmEzK5PTWRZQhTpcfcywkeUJbzWXqqXEbE
B62qne8eYsgx4dFc1pBe4efuwamHUuKz7p1Jywyyk5v854eowD2dEMY,B62qmyesxfYnG3SY9KET8jmEzK5PTWRZQhTpcfcywkeUJbzWXqqXEbE
B62qjdPSYuVpB4uLp9V4Pw36GP4CgqKWeJExjzHAipL8KbrSa16uvNw,B62qmyesxfYnG3SY9KET8jmEzK5PTWRZQhTpcfcywkeUJbzWXqqXEbE
B62qipFGtaHAJpvGSJdYdVxJw6Fg4SdRK6Ldu51o2rVUGJF4JzgMqna,B62qmyesxfYnG3SY9KET8jmEzK5PTWRZQhTpcfcywkeUJbzWXqqXEbE
B62qo145pgATYorapx2boXn7AbhhwMTnWK27phLBkYwQJjjpCYXxNUP,B62qmyesxfYnG3SY9KET8jmEzK5PTWRZQhTpcfcywkeUJbzWXqqXEbE
B62qnAwsnwgn8okBLuEr63egNYFyJqZAhWwpyccbTZfyxMJgyDGcVGx,B62qmyesxfYnG3SY9KET8jmEzK5PTWRZQhTpcfcywkeUJbzWXqqXEbE
B62qniwr9y7XYbjy26rgu3UCFwHBzsnQocu5gnd6agwbZU7Gxtu7WJS,B62qmyesxfYnG3SY9KET8jmEzK5PTWRZQhTpcfcywkeUJbzWXqqXEbE
B62qiZppGFZmWNLcGDrPp4wBBcEKCRhSzY7VC6U8XL97ybesV3GECLt,B62qmyesxfYnG3SY9KET8jmEzK5PTWRZQhTpcfcywkeUJbzWXqqXEbE
B62qmQ68xVWawcdC3WAXCDiw7JevnocVfzdV5pq3gBiia5RydquLUcp,B62qmyesxfYnG3SY9KET8jmEzK5PTWRZQhTpcfcywkeUJbzWXqqXEbE
B62qkxHjXkxWcdnep9neiFpa84Dywf5B9cUNrmrMEJ2hMmw6iUeFieD,B62qmyesxfYnG3SY9KET8jmEzK5PTWRZQhTpcfcywkeUJbzWXqqXEbE
B62qrJHuDFWfuWStjyboPejGaP4HZqFRPQxsQtWaxhnV4iJBgfcH1cb,B62qmyesxfYnG3SY9KET8jmEzK5PTWRZQhTpcfcywkeUJbzWXqqXEbE
B62qkBoe9qNqxTiXBe5euvRvZi8rCUq9TgHfM2BwmcED7ADJHFkDQJN,B62qmyesxfYnG3SY9KET8jmEzK5PTWRZQhTpcfcywkeUJbzWXqqXEbE
B62qrdVeRr5u9kBomM18PQdGh89oTthxgsy8JTjSCFtyzGD8RWwUjme,B62qmyesxfYnG3SY9KET8jmEzK5PTWRZQhTpcfcywkeUJbzWXqqXEbE
B62qjpzAChiHvZZqchLWcv9SAc52p23oCerTPPrZzFqksLTgwSBo8Ax,B62qmyesxfYnG3SY9KET8jmEzK5PTWRZQhTpcfcywkeUJbzWXqqXEbE
B62qrxhjraNf6uXqLgWBFVAhsZqXAfpXAPm1ASZptnEhLZctRTzykzM,B62qmyesxfYnG3SY9KET8jmEzK5PTWRZQhTpcfcywkeUJbzWXqqXEbE
B62qmuzvR64h6vEt87ijpikVsVeoYdnYGwM5NFSQY98j3CSKw2i8GiE,B62qmyesxfYnG3SY9KET8jmEzK5PTWRZQhTpcfcywkeUJbzWXqqXEbE
B62qnpc2JJrKj5gash86vodGFsLVQawaLSiJwbUtPgLs8dcp7QyBzYr,B62qmyesxfYnG3SY9KET8jmEzK5PTWRZQhTpcfcywkeUJbzWXqqXEbE
B62qmXrQB8jpxHZ2i576MsMCiLNorggtfz9b9zVSwSSo6bdaimLMVpK,B62qmyesxfYnG3SY9KET8jmEzK5PTWRZQhTpcfcywkeUJbzWXqqXEbE
B62qqARg6wBwTwt1TQHkDuLqHHyYzPK9APb7vhEdxsUmCKaD7cQLHbp,B62qmyesxfYnG3SY9KET8jmEzK5PTWRZQhTpcfcywkeUJbzWXqqXEbE
B62qpYVQWpALzvtXLhBLcftFbSLv2bhDJYwfctSG1DKjE4by2h3Z9Fo,B62qmyesxfYnG3SY9KET8jmEzK5PTWRZQhTpcfcywkeUJbzWXqqXEbE
B62qnXfMmiMFkkpyiLejZgMuYYJuptdu2tyXKun1VPCS2xhFrwqvy2p,B62qmyesxfYnG3SY9KET8jmEzK5PTWRZQhTpcfcywkeUJbzWXqqXEbE
B62qq4MsguV8i5recmWUuYFWXpPW1MWZBjjjwEuChaFRuTioP8VUctQ,B62qmyesxfYnG3SY9KET8jmEzK5PTWRZQhTpcfcywkeUJbzWXqqXEbE
B62qmwgXnydnYAxhFLbyZ68zDQsF2yxDR92UUucBJY2i2Mr3U4Qw2KG,B62qmyesxfYnG3SY9KET8jmEzK5PTWRZQhTpcfcywkeUJbzWXqqXEbE
B62qo92C9siz8nua4H3mopoLxbDVV6dsoavd4AoimHAqA3ojM9pfh37,B62qmyesxfYnG3SY9KET8jmEzK5PTWRZQhTpcfcywkeUJbzWXqqXEbE
B62qrmk3L8KdNb96SqvohxCKZuhRVGRYYTMAgrKFhAD5T9terBwG63K,B62qmyesxfYnG3SY9KET8jmEzK5PTWRZQhTpcfcywkeUJbzWXqqXEbE
B62qin1sCKU7TQbkZ6Z5ka2armpaxkJgrWSWgUmGWG2qWBTPyxtqtuL,B62qmyesxfYnG3SY9KET8jmEzK5PTWRZQhTpcfcywkeUJbzWXqqXEbE
B62qp3Pd3QM7HXMYMdhWTjwTYbWZVZe5s3vKxdDvTV2YPSn4GBQ3M7E,B62qmyesxfYnG3SY9KET8jmEzK5PTWRZQhTpcfcywkeUJbzWXqqXEbE
B62qr7ncXwHeBXyQP2dThpWNwySjkUDCNagFkRba5jn4LyB5cSUioXK,B62qmyesxfYnG3SY9KET8jmEzK5PTWRZQhTpcfcywkeUJbzWXqqXEbE
B62qovenu34m8jqnnvxq13NTmpBHQbTodMAAErSXNzshZiTQZcCtjNs,B62qmyesxfYnG3SY9KET8jmEzK5PTWRZQhTpcfcywkeUJbzWXqqXEbE
B62qiUXLM7UrRFZxSKg3pLGRZWnQzyhLa1jvbCrhWUtfDpUCwEdyJz6,B62qmyesxfYnG3SY9KET8jmEzK5PTWRZQhTpcfcywkeUJbzWXqqXEbE
B62qkBU1d1gVffSCVvg1hsgFLwfG8WAkfrCQwoNbfLosBQMz7LFxF2E,B62qmyesxfYnG3SY9KET8jmEzK5PTWRZQhTpcfcywkeUJbzWXqqXEbE
B62qkPod2ScW1RBFtwUJxA69eNDfE1qKRsj8wc9Q91WQZdoTHorfTfm,B62qmyesxfYnG3SY9KET8jmEzK5PTWRZQhTpcfcywkeUJbzWXqqXEbE
B62qnRCUTA8azwS5yrsduiwY6q9M72ghdWeYR1G7hvmmoJk81XPiU7Z,B62qmyesxfYnG3SY9KET8jmEzK5PTWRZQhTpcfcywkeUJbzWXqqXEbE
B62qmLLeHwVNq3ZYM7ETt6n53s1YHRv69WHzJ1NBMDGkCVcHbUThqFe,B62qmyesxfYnG3SY9KET8jmEzK5PTWRZQhTpcfcywkeUJbzWXqqXEbE
B62qpurNfxgxGDDfhaX4VR8MTU8tEBwRtgWFYUiM7xiLm4Nqu4vHKbq,B62qmyesxfYnG3SY9KET8jmEzK5PTWRZQhTpcfcywkeUJbzWXqqXEbE
B62qkTfWwHvCvcEEr8i7zNgUT7FivBjWmE5wQu7yzeQxm1AvPr63g2z,B62qmyesxfYnG3SY9KET8jmEzK5PTWRZQhTpcfcywkeUJbzWXqqXEbE
B62qpNyjUGZyRXNpRKmVyPezie8AbVaTVfjHbFbUBYHYfQTynfd2mzq,B62qmyesxfYnG3SY9KET8jmEzK5PTWRZQhTpcfcywkeUJbzWXqqXEbE
B62qnQAEgB5zxKCz3icKgpjJ5BZwsTRE51gED6sJgRzzuSxhkdKSMeN,B62qmyesxfYnG3SY9KET8jmEzK5PTWRZQhTpcfcywkeUJbzWXqqXEbE
B62qp5Tbn8gW2FKSQkrqhVtGxhhrN5KQsCYC4rdASHjgUxn5vVezMCP,B62qmyesxfYnG3SY9KET8jmEzK5PTWRZQhTpcfcywkeUJbzWXqqXEbE
B62qjkpzsDcW4w4V3SS9LFuzFiqpydVvJoJYixgAG8qpMDPpaRnTpHE,B62qmyesxfYnG3SY9KET8jmEzK5PTWRZQhTpcfcywkeUJbzWXqqXEbE
B62qkhoEckV1fEZUJwD7ghe22ZGucu1v7jjMxqhCA2AwtTAQHLSFqVz,B62qmyesxfYnG3SY9KET8jmEzK5PTWRZQhTpcfcywkeUJbzWXqqXEbE
B62qmDwvqT9xNNwee5gZovcj5E8Vox2STA23x7SYRsiC1g7dKo6UJvx,B62qmyesxfYnG3SY9KET8jmEzK5PTWRZQhTpcfcywkeUJbzWXqqXEbE
B62qmg9tWG7RYemfvWtXjAVquUNGuJ2jgM1TkFokD92rB6yLSwLBDJD,B62qmyesxfYnG3SY9KET8jmEzK5PTWRZQhTpcfcywkeUJbzWXqqXEbE
B62qqkvZbFoWwAhZiAJmrHGQWY7q6HAnhPhLMs9jeZkDKFRqGgXHrQc,B62qmyesxfYnG3SY9KET8jmEzK5PTWRZQhTpcfcywkeUJbzWXqqXEbE
B62qmvq7k39ZHC3t9yBKXs3rkYBPAKXCWpvewjLJ64prmVqJWwDWKef,B62qmyesxfYnG3SY9KET8jmEzK5PTWRZQhTpcfcywkeUJbzWXqqXEbE
B62qmfGmXEqtyxmQQUjZS4WGdc7gbB3aNsuo39g5S6mY6VVr3jwnz29,B62qmyesxfYnG3SY9KET8jmEzK5PTWRZQhTpcfcywkeUJbzWXqqXEbE
B62qkoHmyjLDFzm8zcz21QWb3g5uagqUZBpssygbitYUMpd9S5sd66B,B62qmyesxfYnG3SY9KET8jmEzK5PTWRZQhTpcfcywkeUJbzWXqqXEbE
B62qnBCL2nL6u38wLVqPWQ6VagvCBcaMAXRiBY237h1NJpubThKs4Tk,B62qmyesxfYnG3SY9KET8jmEzK5PTWRZQhTpcfcywkeUJbzWXqqXEbE
B62qoWGif7FBbK8igStzUCukF5WMJZCqmFgdsKqHQSBsLdB8vWZrewf,B62qmyesxfYnG3SY9KET8jmEzK5PTWRZQhTpcfcywkeUJbzWXqqXEbE
B62qp9ZP47Wxi4v6GCHqVpbAz5PeQ3kYhB3WXy4AJvGZ95gEeveUPw3,B62qmyesxfYnG3SY9KET8jmEzK5PTWRZQhTpcfcywkeUJbzWXqqXEbE
B62qjeBcbRunMkcTmKTQ92nrMZUmoFKMccLBTUvnD43TL7e7Z2PMARR,B62qmyesxfYnG3SY9KET8jmEzK5PTWRZQhTpcfcywkeUJbzWXqqXEbE
B62qnVUKhkfS6aXNaynq9X1xLgdBBF6RHET4byPsqWEenj1dK1P2LUg,B62qmyesxfYnG3SY9KET8jmEzK5PTWRZQhTpcfcywkeUJbzWXqqXEbE
B62qigJASqWfLEfeWU7UPfSakDYrdyAgWHUuyX4kh2nsgLgBeRxpn1P,B62qmyesxfYnG3SY9KET8jmEzK5PTWRZQhTpcfcywkeUJbzWXqqXEbE
B62qpH3jQdvyx6BWJTPUgZHf8WXFhEoJRSmAqTNh5XNtBRH1fjkf1gN,B62qmyesxfYnG3SY9KET8jmEzK5PTWRZQhTpcfcywkeUJbzWXqqXEbE
B62qk5fAkq5XDDVGTcB741M2pJ9Wnq7srbmCadRWSkC9ne3Nubpgf5t,B62qmyesxfYnG3SY9KET8jmEzK5PTWRZQhTpcfcywkeUJbzWXqqXEbE
B62qmQ8ncnhsQR4RqBMcFiwnUcmuRHC9kYJDZSiuJ13tN5aAVLUQX45,B62qmyesxfYnG3SY9KET8jmEzK5PTWRZQhTpcfcywkeUJbzWXqqXEbE
B62qk5eE7w3Jqu6wGgXTcXt6ScVv3hCQ1kZZrWANwnbwttmZfYZLW4Y,B62qmyesxfYnG3SY9KET8jmEzK5PTWRZQhTpcfcywkeUJbzWXqqXEbE
B62qnTQLp9uHwzmxKuyDa2UP3QHpPZD5KiVGPegB1ZLWEC1DWC4h6kB,B62qmyesxfYnG3SY9KET8jmEzK5PTWRZQhTpcfcywkeUJbzWXqqXEbE
B62qmNZb837DtnkPEKo8Ph2CiA8yGCuG1Hab5Zen1AoEWqUjCVXDiRV,B62qmyesxfYnG3SY9KET8jmEzK5PTWRZQhTpcfcywkeUJbzWXqqXEbE
B62qoX49KkvYNJt5VQd9rUAgWJuF9UqpbeVKwitzLDC5XdwnbYdHAi2,B62qmyesxfYnG3SY9KET8jmEzK5PTWRZQhTpcfcywkeUJbzWXqqXEbE
B62qqy2yhUCw3NFqA5XjcamuUQYXADNU3FQzKbTthSGW8P4Cpnu49Gf,B62qmyesxfYnG3SY9KET8jmEzK5PTWRZQhTpcfcywkeUJbzWXqqXEbE
B62qmxTFPg2u55SEbookmXU8niMu9B5vLrybVW2STdKUb5tj7TtvabW,B62qmyesxfYnG3SY9KET8jmEzK5PTWRZQhTpcfcywkeUJbzWXqqXEbE
B62qphNw62QBjfwsoSRxeYb5sVyde16WdxkynC2V3pUR9yuMFoqHDUE,B62qmyesxfYnG3SY9KET8jmEzK5PTWRZQhTpcfcywkeUJbzWXqqXEbE
B62qrZ5r827VT3if6vgo6UaHy7sfhRvVyRsqxyswrEZ9AwfiWpjy4Bq,B62qmyesxfYnG3SY9KET8jmEzK5PTWRZQhTpcfcywkeUJbzWXqqXEbE
B62qmRapzi3nrctTihmaeH3CNbsDkpAAmf5osj9SvucNTU7jteFchhZ,B62qmyesxfYnG3SY9KET8jmEzK5PTWRZQhTpcfcywkeUJbzWXqqXEbE
B62qkvch5mqkErUrN5AQpXS3MicaCdUhScBVjHqDfbsbP5i42okjcL4,B62qmyesxfYnG3SY9KET8jmEzK5PTWRZQhTpcfcywkeUJbzWXqqXEbE
B62qkVHBqMkm6zmvBE5UHn4591dfFk8d2JLysx7bvmBUgwQt796878j,B62qmyesxfYnG3SY9KET8jmEzK5PTWRZQhTpcfcywkeUJbzWXqqXEbE
B62qpWiEcSPE4cf1F7UaWPt4JJZvme3B13e5S39tKNgqu86pszn5scx,B62qmyesxfYnG3SY9KET8jmEzK5PTWRZQhTpcfcywkeUJbzWXqqXEbE
B62qmFuBwy5JUZ9rfRFX9YDxEj9xAP8fszK88nYRwxs1zzfVG6hPXmf,B62qmyesxfYnG3SY9KET8jmEzK5PTWRZQhTpcfcywkeUJbzWXqqXEbE
B62qp1MrxFnKMUEgAcWq2AJscVJTVzpSZHVJjgf6GGS2fcJTDU5LhVS,B62qmyesxfYnG3SY9KET8jmEzK5PTWRZQhTpcfcywkeUJbzWXqqXEbE
B62qo5aeu9qezh2Z1qsKV47jHwgt8MvYLbKVWUSoi6iNaX165bAtmT9,B62qmyesxfYnG3SY9KET8jmEzK5PTWRZQhTpcfcywkeUJbzWXqqXEbE
B62qqxHGzvYKYH3nCK9fdB8Qvc53rF6VTDRDz1sSAnNTJtP2G9G6F4U,B62qmyesxfYnG3SY9KET8jmEzK5PTWRZQhTpcfcywkeUJbzWXqqXEbE
B62qpNBeLFvo8dad9LX1hp4aJa833b7C8RUnAP4EbQpQ9KhrY5roxWa,B62qmyesxfYnG3SY9KET8jmEzK5PTWRZQhTpcfcywkeUJbzWXqqXEbE
B62qrP66ehjMUjSPV4ci8scX7qrLYguLDEmDhQxsq1TS9BvarupCd71,B62qmyesxfYnG3SY9KET8jmEzK5PTWRZQhTpcfcywkeUJbzWXqqXEbE
B62qk64MQFspF9kcsU6QvmhCX6knqYRmUV8LGWKfNQWSf1R8snBPaSk,B62qmyesxfYnG3SY9KET8jmEzK5PTWRZQhTpcfcywkeUJbzWXqqXEbE
B62qpsfgietkCzKKfqbjdUmWFPjJRTykEabpx5U5A6jWdESh2eDqBNs,B62qmyesxfYnG3SY9KET8jmEzK5PTWRZQhTpcfcywkeUJbzWXqqXEbE
B62qmxDvkGqq9HzcPBWMxykMzNHEHuVyP3gWmNSy2CPT4hNQHzgpbxP,B62qmyesxfYnG3SY9KET8jmEzK5PTWRZQhTpcfcywkeUJbzWXqqXEbE
B62qp5A9NfjDjtcqy4Ud4FKd9vEs41Q7WPdSAzu78NFK5o6vbhExkSm,B62qmyesxfYnG3SY9KET8jmEzK5PTWRZQhTpcfcywkeUJbzWXqqXEbE
B62qoLLCQiB92VKj3bBpx6hUvat4bYh44cPNYWVPRqf8g67D7QPSRqz,B62qmyesxfYnG3SY9KET8jmEzK5PTWRZQhTpcfcywkeUJbzWXqqXEbE
B62qpyJsdHDj9mftCE55BX8JAsXh2MJtrHkPusDoMC8fUcmo5EWLvY1,B62qmyesxfYnG3SY9KET8jmEzK5PTWRZQhTpcfcywkeUJbzWXqqXEbE
B62qp9RWhUJt949SZKJNWq4tJpCEgEjFHD9H4JWLpxC6CkCgXQumCA1,B62qmyesxfYnG3SY9KET8jmEzK5PTWRZQhTpcfcywkeUJbzWXqqXEbE
B62qr874z9GXC4SiHeiX9cikUa2NUf1ZnL8bvmQ3rdq35s3fRYWwLTc,B62qmyesxfYnG3SY9KET8jmEzK5PTWRZQhTpcfcywkeUJbzWXqqXEbE
B62qpPFVqxDmJp27sLQzNB8MnkAcFTwA6QS7C46dMyVYcfq4oUyTY9n,B62qmyesxfYnG3SY9KET8jmEzK5PTWRZQhTpcfcywkeUJbzWXqqXEbE
B62qkMBqD63AvYC9gcvJLPcdVbNAG4wwjHsqB5wpLiuzbSjXiL9qHwj,B62qmyesxfYnG3SY9KET8jmEzK5PTWRZQhTpcfcywkeUJbzWXqqXEbE
B62qoJWcACRGWgcd7NBwnfY388ghN1dwoF6FXXLJtwsCQtgxUD3JXMJ,B62qmyesxfYnG3SY9KET8jmEzK5PTWRZQhTpcfcywkeUJbzWXqqXEbE
B62qqdFzNt7f3h5GQZWmHZhRi85r1F5vbcikoFPB14KxsytuukfZ89g,B62qmyesxfYnG3SY9KET8jmEzK5PTWRZQhTpcfcywkeUJbzWXqqXEbE
B62qjusyo8pPwH5Ho81j4CPEKkVLQGeQmcGsn2ZaEJLxJzV1EKsWYrk,B62qmyesxfYnG3SY9KET8jmEzK5PTWRZQhTpcfcywkeUJbzWXqqXEbE
B62qraZF2Ep3WheJdmtfQ8DG6JURv8giNdDThFV7eNXL8smFxY2RNiL,B62qmyesxfYnG3SY9KET8jmEzK5PTWRZQhTpcfcywkeUJbzWXqqXEbE
B62qraqoNtsxAVCpmVSZF3DVLzmM4uo63dvomBSogDHaGLJRqm7aC1D,B62qmyesxfYnG3SY9KET8jmEzK5PTWRZQhTpcfcywkeUJbzWXqqXEbE
B62qqt8AE79NdNDBPSrRb8HzpPqC3hTgWRuRtcbT7nProHH3Gcv6tZa,B62qmyesxfYnG3SY9KET8jmEzK5PTWRZQhTpcfcywkeUJbzWXqqXEbE
B62qq2iUH5cE9b7Gjbw8pDvuKpEzmqFiXxsDazHqiN2tw4cKoomvjBy,B62qmyesxfYnG3SY9KET8jmEzK5PTWRZQhTpcfcywkeUJbzWXqqXEbE
B62qiaGV9Mtk8ZMGmph7WiYPzuZYp5qvbWj1Re479rvGeA672gmRbME,B62qmyesxfYnG3SY9KET8jmEzK5PTWRZQhTpcfcywkeUJbzWXqqXEbE
B62qkkvP9xAwiCsh9SqK2nSEQxf6pFG5kkZ5K9Vr8wVzQR4uhynpSFw,B62qmyesxfYnG3SY9KET8jmEzK5PTWRZQhTpcfcywkeUJbzWXqqXEbE
B62qoRg8wZPkeTL3bhMkay6Fj8fo1hJF6iZtanxrwE3LektzfLCtSqd,B62qmyesxfYnG3SY9KET8jmEzK5PTWRZQhTpcfcywkeUJbzWXqqXEbE
B62qksjpcicN4YAXFsvojtARRNyDHuSJkYS1tVpspWfxPQg8sdGivnD,B62qmyesxfYnG3SY9KET8jmEzK5PTWRZQhTpcfcywkeUJbzWXqqXEbE
B62qrey9e8ZsaaJv2KwHHowBhn2KvTcdjSiedqgD6nMQoh6C1F7K7Zz,B62qmyesxfYnG3SY9KET8jmEzK5PTWRZQhTpcfcywkeUJbzWXqqXEbE
B62qk5QuT23z9F958QrRcKZ1ZWiXWmwj36uXDdoNGSiSxw1hNgn9R97,B62qmyesxfYnG3SY9KET8jmEzK5PTWRZQhTpcfcywkeUJbzWXqqXEbE
B62qifWG83TzBDNSbqsDkmmYybQx3umZSTNeqQ47t6mQcpJhCHtU4af,B62qmyesxfYnG3SY9KET8jmEzK5PTWRZQhTpcfcywkeUJbzWXqqXEbE
B62qkHVcy87zYztXYmRuPZ2asSMqhxkpAHwGfcCToB1R7DLHnPAvqrv,B62qmyesxfYnG3SY9KET8jmEzK5PTWRZQhTpcfcywkeUJbzWXqqXEbE
B62qph6BZp2veywEtbtULgepSmDvnXz58mpj34gvBL1iQj5stHpavd8,B62qmyesxfYnG3SY9KET8jmEzK5PTWRZQhTpcfcywkeUJbzWXqqXEbE
B62qpJdCFAoycomY7LRfNXZDHvULj6ug8bh1huFVGMGzX5jwjQ7JQ38,B62qmyesxfYnG3SY9KET8jmEzK5PTWRZQhTpcfcywkeUJbzWXqqXEbE
B62qrXCnHQrSf3XnAnSb1DCUDka3dZVWB2XqH7Axr2vg2KaFXsX6G5R,B62qmyesxfYnG3SY9KET8jmEzK5PTWRZQhTpcfcywkeUJbzWXqqXEbE
B62qrnLPoK3bsQvrCM5mFH5SkkaaGBhYabSKb7zUdvDY2F5nb46HtWS,B62qmyesxfYnG3SY9KET8jmEzK5PTWRZQhTpcfcywkeUJbzWXqqXEbE
B62qmHpKBQ2FzUQijFi9UMRU2txrLb1GuQMr7vUCzLqnDJexwTdgKbV,B62qmyesxfYnG3SY9KET8jmEzK5PTWRZQhTpcfcywkeUJbzWXqqXEbE
B62qpe15stHjxU2pvRDkM9hp6J1hWD4Cf1zmKGCtzsg9awuVK5GxcUR,B62qmyesxfYnG3SY9KET8jmEzK5PTWRZQhTpcfcywkeUJbzWXqqXEbE
B62qpMzq4vHG8RbUpEVuGrYG8tJP4fPEbUwosGLpwLQsBFQ7d5WKdzc,B62qmyesxfYnG3SY9KET8jmEzK5PTWRZQhTpcfcywkeUJbzWXqqXEbE
B62qmBKWg1Z8cCQoDGXCZSqVopP9yVRfYcSSdWBcydG3f61wYxZJPMB,B62qmyesxfYnG3SY9KET8jmEzK5PTWRZQhTpcfcywkeUJbzWXqqXEbE
B62qnSdNzb8icjWPiSsxgKfB1RvD47wLf9aYfVRd3HYTk519fhG8RUK,B62qmyesxfYnG3SY9KET8jmEzK5PTWRZQhTpcfcywkeUJbzWXqqXEbE
B62qjNiMHpfrTemjZe3BYDdLfeFP9GGtyv3dnef7Kqx5vmdZo44mbJC,B62qmyesxfYnG3SY9KET8jmEzK5PTWRZQhTpcfcywkeUJbzWXqqXEbE
B62qndvr7iZsJeFdeYVGYXP6oJY64T5BHjPBTSrfdHrwkxuEYCfa1LF,B62qmyesxfYnG3SY9KET8jmEzK5PTWRZQhTpcfcywkeUJbzWXqqXEbE
B62qovdiupo2b2UxNhASffHV4CKE5abZD4TmSdSJZzf623fkrgLvouR,B62qmyesxfYnG3SY9KET8jmEzK5PTWRZQhTpcfcywkeUJbzWXqqXEbE
B62qoFmrHvDzz1H7qztEkvkaqNUbGUCaZJJJjXb8xMmxVotSaWDmyMw,B62qmyesxfYnG3SY9KET8jmEzK5PTWRZQhTpcfcywkeUJbzWXqqXEbE
B62qnkYYpjAHWvWkYsy7ANo9omZSQ53bwhKgHXUk8g2XANkjEq4AfNS,B62qmyesxfYnG3SY9KET8jmEzK5PTWRZQhTpcfcywkeUJbzWXqqXEbE